date,price,net_worth
2019-01-03,50.925777435302734,9693.47673797607
2019-01-04,52.80340194702149,10418.239799499512
2019-01-07,53.07799149,10524.231363089217
2019-01-08,53.463905334472656,10673.19410705566
2019-01-09,53.74592208862305,10782.052574157711
2019-01-10,53.47132492,10676.058067069214
2019-01-11,53.22642517089844,10581.526763916012
2019-01-14,53.159610748291016,10555.736396789547
2019-01-15,53.18930816650391,10567.199600219727
2019-01-16,53.16703796386719,10558.60330200195
2019-01-17,53.53068923950195,10698.972694396969
2019-01-18,54.168922424316406,10945.330703735348
2019-01-22,53.35258865356445,10630.225868225094
2019-01-23,52.91470718383789,10461.20362091064
2019-01-24,52.98892593383789,10489.85205841064
2019-01-25,53.22642517089844,10581.526763916012
2019-01-28,52.87018585205078,10444.018386840817
2019-01-29,53.070560455322266,10521.36298370361
2019-01-30,53.64942932128906,10744.806365966793
2019-01-31,54.38417816162109,11028.419418334954
2019-02-01,56.343406677246094,11784.681625366207
2019-02-04,55.52706909179688,11469.575317382812
2019-02-05,56.098480224609375,11690.140014648434
2019-02-06,55.85359191894531,11595.613128662106
2019-02-07,55.423152923583984,11429.463676452633
2019-02-08,55.513214111328125,11464.227294921871
2019-02-11,55.60324096679688,11498.977661132812
2019-02-12,56.5787468,11875.522912749213
2019-02-13,57.21656799316406,12121.721893310543
2019-02-14,57.23158645629883,12127.519020080563
2019-02-15,58.31212234,12544.605871189215
2019-02-19,58.70231628417969,12695.220733642574
2019-02-20,58.92743682861328,12782.117263793942
2019-02-21,58.39466857910156,12576.468719482418
2019-02-22,58.84487533569336,12750.248527526852
2019-02-25,58.904930114746094,12773.429672241207
2019-02-26,59.02499771118164,12819.775764465328
2019-02-27,59.63279342651367,13054.384910583492
2019-02-28,59.30262756347656,12926.940887451168
2019-03-01,60.03050231933594,13207.900543212887
2019-03-04,60.26310729980469,13297.686065673824
2019-03-05,60.17307662963867,13262.934226989742
2019-03-06,59.49021911621094,12999.351226806637
2019-03-07,60.15058135986328,13254.251052856442
2019-03-08,59.287628173828125,12921.151123046871
2019-03-11,59.86541366577149,13144.176322937012
2019-03-12,60.03050231933594,13207.900543212887
2019-03-13,60.56326675415039,13413.547615051266
2019-03-14,60.36067199707031,13335.346038818356
2019-03-15,60.14303588867188,13251.338500976562
2019-03-18,60.84090805053711,13520.71715545654
2019-03-19,60.68333053588867,13459.892234802242
2019-03-20,61.02099609,13590.231138689214
2019-03-21,61.373680114746094,13726.367172241207
2019-03-22,60.39068222045898,13346.92998504638
2019-03-25,59.97045135498047,13184.720870971676
2019-03-26,60.75088119506836,13485.966789245602
2019-03-27,60.28561019897461,13306.372184753414
2019-03-28,60.58578109741211,13422.23815155029
2019-03-29,60.63079833984375,13439.614807128903
2019-04-01,61.32866287231445,13708.990516662594
2019-04-02,61.06601333618164,13607.607795715328
2019-04-03,60.70582580566406,13468.575408935543
2019-04-04,61.56878280639648,13801.676811218254
2019-04-05,61.89894485473633,13929.119361877438
2019-04-08,62.28163909912109,14076.839340209954
2019-04-09,61.47872161865234,13766.913192749016
2019-04-10,61.20108413696289,13659.74512481689
2019-04-11,61.49371719360352,13772.701484680176
2019-04-12,60.72085571289063,13474.376953125
2019-04-15,60.51825714111328,13396.173904418942
2019-04-16,60.93096160888672,13555.477828979489
2019-04-17,61.1035385131836,13622.092514038086
2019-04-18,60.8784408569336,13535.204818725586
2019-04-22,62.20659255981445,14047.871376037594
2019-04-23,62.56678009033203,14186.90376281738
2019-04-24,61.35118865966797,13717.685470581051
2019-04-25,61.69635391235352,13850.919258117676
2019-04-26,60.398197174072266,13349.83075714111
2019-04-29,60.00798034667969,13199.207061767574
2019-04-30,60.24060059,13288.998475689215
2019-05-01,59.03248977661133,12822.667701721188
2019-05-02,57.99696350097656,12422.954559326168
2019-05-03,58.13203048706055,12475.090415954586
2019-05-06,57.87690353393555,12376.611412048336
2019-05-07,57.569244384765625,12257.854980468746
2019-05-08,57.65928268432617,12292.609764099117
2019-05-09,57.60675811767578,12272.335281372067
2019-05-10,58.10770034790039,12465.698982238766
2019-05-13,57.46257019042969,12216.678741455074
2019-05-14,57.53845977783203,12245.97212219238
2019-05-15,57.96349334716797,12410.035079956051
2019-05-16,57.95590972900391,12407.107803344727
2019-05-17,57.61435317993164,12275.266975402828
2019-05-20,57.60675811767578,12272.335281372067
2019-05-21,57.87240982055664,12374.876838684078
2019-05-22,57.34871673583984,12172.731307983391
2019-05-23,56.00531768798828,11654.179275512692
2019-05-24,56.24059677124024,11744.99700164795
2019-05-28,55.10970687866211,11308.47350311279
2019-05-29,54.76818084716797,11176.644454956051
2019-05-30,54.62396240234375,11120.976135253903
2019-05-31,53.71319580078125,10769.420227050778
2019-06-03,54.55564498901367,11094.605613708492
2019-06-04,55.85351563,11595.583681129214
2019-06-05,55.39054870605469,11416.878448486324
2019-06-06,56.39997863769531,11806.518402099606
2019-06-07,56.604923248291016,11885.627021789547
2019-06-10,56.85536956787109,11982.299301147454
2019-06-11,56.80224609,11961.793638689214
2019-06-12,56.18748092651367,11724.494285583492
2019-06-13,56.68081283569336,11914.920402526852
2019-06-14,56.43034744262695,11818.240760803219
2019-06-17,56.99198532104492,12035.032981872555
2019-06-18,57.48533248901367,12225.464988708492
2019-06-19,57.16655731201172,12102.417770385739
2019-06-20,58.14564514160156,12480.345672607418
2019-06-21,58.96534348,12796.749231229216
2019-06-24,58.40368270874024,12579.94817352295
2019-06-25,57.88758469,12380.734338289214
2019-06-26,58.13805770874024,12477.41692352295
2019-06-27,57.54604721069336,12248.900871276852
2019-06-28,58.16082382202149,12486.204643249512
2019-07-01,58.10770034790039,12465.698982238766
2019-07-02,57.47014999389648,12219.604545593254
2019-07-03,58.01662826538086,12430.545158386227
2019-07-05,57.781341552734375,12339.724487304684
2019-07-08,58.04697799682617,12442.260154724117
2019-07-09,58.00902557373047,12427.610519409176
2019-07-10,58.82873535,12744.018493049218
2019-07-11,58.874271392822266,12761.59540557861
2019-07-12,58.91981887817383,12779.176734924313
2019-07-15,58.50237274169922,12618.042526245114
2019-07-16,57.62953567504883,12281.127418518063
2019-07-17,57.287994384765625,12149.292480468746
2019-07-18,56.80224609,11961.793638689214
2019-07-19,56.91609573364258,12005.73960113525
2019-07-22,56.97681427001953,12029.176956176754
2019-07-23,57.20451736450195,12117.070350646969
2019-07-24,57.19690704345703,12114.13276672363
2019-07-25,56.87055587768555,11988.161216735836
2019-07-26,56.77946472167969,11953.000030517574
2019-07-29,57.18172454833984,12108.272323608391
2019-07-30,57.18933868408203,12111.21138000488
2019-07-31,56.43793487548828,11821.169509887692
2019-08-01,54.99586105,11264.529013249215
2019-08-02,54.45699691772461,11056.527458190914
2019-08-05,53.34128189086914,10625.861457824703
2019-08-06,53.85739517211914,10825.081184387203
2019-08-07,53.50827026367188,10690.318969726562
2019-08-08,54.93514251708984,11241.091659545891
2019-08-09,53.76632308959961,10789.927360534664
2019-08-12,53.50504684448242,10689.07472991943
2019-08-13,54.16589355,10944.161558249216
2019-08-14,51.983585357666016,10101.790596008297
2019-08-15,51.67621612548828,9983.146072387692
2019-08-16,52.48306274414063,10294.5888671875
2019-08-19,53.366737365722656,10635.68727111816
2019-08-20,53.04400253295898,10511.11162567138
2019-08-21,53.57420731,10715.770669609214
2019-08-22,53.458961486816406,10671.285781860348
2019-08-23,51.86063003540039,10054.329841613766
2019-08-26,52.13725662231445,10161.107704162594
2019-08-27,51.630104064941406,9965.346817016598
2019-08-28,52.00663375854492,10110.687278747555
2019-08-29,52.58295440673828,10333.147048950192
2019-08-30,52.62137222290039,10347.976325988766
2019-09-03,52.68284225463867,10371.703758239742
2019-09-04,53.24380111694336,10588.233879089352
2019-09-05,53.99684143066406,10878.907440185543
2019-09-06,54.50399398803711,11074.66832733154
2019-09-09,54.93430709838867,11240.769187927242
2019-09-10,55.380001068115234,11412.807060241696
2019-09-11,55.27241134643555,11371.277427673336
2019-09-12,55.310848236083984,11386.114067077633
2019-09-13,55.817996978759766,11581.873481750485
2019-09-16,56.65558242797852,11905.181465148926
2019-09-17,56.22526931762695,11739.080604553219
2019-09-18,55.95631790161133,11635.265357971188
2019-09-19,55.57978057861328,11489.921951293942
2019-09-20,55.38768005371094,11415.771148681637
2019-09-23,55.42609024047852,11430.597480773926
2019-09-24,54.66537094116211,11136.95983123779
2019-09-25,54.82673645019531,11199.246917724606
2019-09-26,54.53472518920898,11086.53057098388
2019-09-27,54.92663192749024,11237.80657196045
2019-09-30,54.25811004638672,10979.757125854489
2019-10-01,52.982521057128906,10487.379776000973
2019-10-02,51.59936523,9953.481626729215
2019-10-03,52.23715591430664,10199.668830871578
2019-10-04,52.99789810180664,10493.315315246578
2019-10-07,52.26789474487305,10211.534019470211
2019-10-08,51.25358200073242,9820.00930023193
2019-10-09,51.822208404541016,10039.499092102047
2019-10-10,52.44462966918945,10279.753700256344
2019-10-11,53.00557327270508,10496.277931213375
2019-10-14,53.15926742553711,10555.60387420654
2019-10-15,53.34367752075195,10626.786170959469
2019-10-16,52.42927169799805,10273.825523376461
2019-10-17,52.36009979248047,10247.125167846676
2019-10-18,51.952857971191406,10089.929824829098
2019-10-21,52.82114791870117,10425.089744567867
2019-10-22,53.09010314941406,10528.906463623043
2019-10-23,53.597259521484375,10724.668823242184
2019-10-24,53.09010314941406,10528.906463623043
2019-10-25,53.21304702758789,10576.36280059814
2019-10-28,52.74433135986328,10395.438552856442
2019-10-29,52.59063720703125,10336.112609863278
2019-10-30,52.03738021850586,10122.555412292477
2019-10-31,51.92211151123047,10078.061691284176
2019-11-01,53.48199462890625,10680.176574707028
2019-11-04,55.072635650634766,11294.164009094235
2019-11-05,56.16377258300781,11715.34286499023
2019-11-06,54.93430709838867,11240.769187927242
2019-11-07,56.10231018066406,11691.618377685543
2019-11-08,55.03687668,11280.361046429214
2019-11-11,54.70247650146485,11151.282577514648
2019-11-12,53.94811248779297,10860.098068237301
2019-11-13,53.504844665527344,10688.99668884277
2019-11-14,53.27153778076172,10598.940231323239
2019-11-15,53.8081283569336,10806.064193725586
2019-11-18,53.28706741333008,10604.934669494625
2019-11-19,52.7426986694336,10394.808334350586
2019-11-20,52.90602111816406,10457.850799560543
2019-11-21,54.18142318725586,10950.155998229977
2019-11-22,53.94811248779297,10860.098068237301
2019-11-25,53.59038543701172,10722.015426635739
2019-11-26,53.45817184448242,10670.98097991943
2019-11-27,53.42707061767578,10658.975906372067
2019-11-29,52.98378753662109,10487.868637084954
2019-12-02,53.20930862426758,10574.9197769165
2019-12-03,52.789363861083984,10412.821098327633
2019-12-04,53.388179779052734,10643.96404266357
2019-12-05,53.20153809,10571.920350689215
2019-12-06,54.05699157714844,10902.125396728512
2019-12-09,54.17365646362305,10947.158042907711
2019-12-10,53.707027435302734,10767.03923797607
2019-12-11,53.629276275634766,10737.027290344235
2019-12-12,54.70247650146485,11151.282577514648
2019-12-13,53.83924865722656,10818.076629638668
2019-12-16,54.43805694580078,11049.216629028317
2019-12-17,54.18920135498047,10953.158370971676
2019-12-18,54.33696746826172,11010.196090698239
2019-12-19,53.96366882324219,10866.1028137207
2019-12-20,54.39140701293945,11031.209754943844
2019-12-23,54.66359329223633,11136.273658752438
2019-12-24,54.45361328,11055.221374029214
2019-12-26,54.539161682128906,11088.243057250973
2019-12-27,54.352516174316406,11016.197891235348
2019-12-30,54.03366470336914,10893.121223449703
2019-12-31,54.266971588134766,10983.177680969235
2020-01-02,55.137977600097656,11319.38600158691
2020-01-03,54.69469833374024,11148.28020477295
2020-01-06,55.114654541015625,11310.383300781246
2020-01-07,54.66359329223633,11136.273658752438
2020-01-08,53.83924865722656,10818.076629638668
2020-01-09,54.25141143798828,10977.171463012692
2020-01-10,53.76923751831055,10791.052330017086
2020-01-13,54.28253555297852,10989.185371398926
2020-01-14,53.815914154052734,10809.06951141357
2020-01-15,53.73035812,10776.044882269216
2020-01-16,53.520389556884766,10694.997016906735
2020-01-17,53.31818389892578,10616.945632934567
2020-01-21,52.55605316162109,10322.763168334954
2020-01-22,52.25275421142578,10205.689773559567
2020-01-23,51.92612838745117,10079.612205505367
2020-01-24,51.576168060302734,9944.52751922607
2020-01-27,50.347434997558594,9470.236557006832
2020-01-28,50.277442932128906,9443.219619750973
2020-01-29,49.85748672485352,9281.116523742676
2020-01-30,50.38631057739258,9485.24253082275
2020-01-31,48.30989456176758,8683.7459487915
2020-02-03,47.22890853881836,8266.485343933102
2020-02-04,46.63787078857422,8038.344772338864
2020-02-05,48.78427505493164,8866.856819152828
2020-02-06,48.12324905395508,8611.700782775875
2020-02-07,47.80440139770508,8488.625587463375
2020-02-10,47.29952621459961,8293.743766784664
2020-02-11,47.74918365478516,8467.311538696289
2020-02-12,48.33292007446289,8692.63379669189
2020-02-13,48.064720153808594,8589.108627319332
2020-02-14,47.84383773803711,8503.84801483154
2020-02-18,47.236427307128906,8269.387588500973
2020-02-19,47.59929275512695,8409.453651428219
2020-02-20,47.22063827514648,8263.293022155754
2020-02-21,46.644779205322266,8041.01142120361
2020-02-24,44.45966339111328,7197.556716918942
2020-02-25,42.75574875,6539.845665449215
2020-02-26,41.817012786865234,6177.493583679196
2020-02-27,39.300575256347656,5206.14869689941
2020-02-28,40.57851409912109,5699.433090209954
2020-03-02,42.50331497192383,6442.406227111813
2020-03-03,40.46807098388672,5656.802047729489
2020-03-04,41.35158920288086,5997.840080261227
2020-03-05,39.52933883666992,5294.451438903805
2020-03-06,37.62032699584961,4557.572868347164
2020-03-09,33.02132034301758,2782.3563003540003
2020-03-10,34.24403381347656,3254.3236999511682
2020-03-11,33.115989685058594,2818.8986663818323
2020-03-12,29.329490661621097,1357.3100433349591
2020-03-13,30.07101821899414,1643.5396804809534
2020-03-16,27.207481384277344,538.2144622802698
2020-03-17,29.037622451782227,1244.6489143371546
2020-03-18,26.12675666809082,121.05472183227175
2020-03-19,27.16015243530273,519.9454879760688
2020-03-20,25.826993942260746,5.346309661863415
2020-03-23,24.80937385559082,-387.45504379272825
2020-03-24,27.95689392089844,827.4877014160138
2020-03-25,29.416275024414062,1390.8088073730432
2020-03-26,30.62320899963379,1856.6853218078577
2020-03-27,29.14806365966797,1287.279220581051
2020-03-30,29.581933975219727,1454.7531623840296
2020-03-31,29.952686309814453,1597.863563537594
2020-04-01,29.605592727661133,1463.8854408264124
2020-04-02,31.869592666625977,2337.789417266842
2020-04-03,30.930858612060547,1975.4380722045862
2020-04-06,31.92481803894043,2359.106410980221
2020-04-07,32.53223801,2593.5705198092146
2020-04-08,34.59113311767578,3388.3040313720667
2020-04-09,34.02316665649414,3169.0689773559534
2020-04-13,33.731285095214844,3056.402694702145
2020-04-14,33.470970153808594,2955.9211273193323
2020-04-15,31.93270301818848,2362.150012969969
2020-04-16,30.883533477783203,1957.1705703735315
2020-04-17,34.09415817260742,3196.47170257568
2020-04-20,32.484901428222656,2575.2985992431604
2020-04-21,32.31135177612305,2508.308433532711
2020-04-22,33.234310150146484,2864.570365905758
2020-04-23,34.275596618652344,3266.50694274902
2020-04-24,34.496463775634766,3351.7616653442346
2020-04-27,34.662132263183594,3415.7097015380823
2020-04-28,35.474647521972656,3729.3405914306604
2020-04-29,37.43889236450195,4487.539100646969
2020-04-30,36.65792465209961,4186.085563659664
2020-05-01,34.03105163574219,3172.1125793456995
2020-05-04,35.403648376464844,3701.934921264645
2020-05-05,35.36420822143555,3686.711021423336
2020-05-06,34.70157623291016,3430.935073852539
2020-05-07,34.898780822753906,3507.056045532223
2020-05-08,36.42915725708008,4097.781349182125
2020-05-11,36.08206558227539,3963.803962707516
2020-05-12,35.47895050048828,3731.0015411376917
2020-05-13,33.71787643432617,3051.2269515991175
2020-05-14,34.01540756225586,3166.073966979977
2020-05-15,33.77415466308594,3072.950347900387
2020-05-18,36.46001434326172,4109.692184448239
2020-05-19,35.334205627441406,3675.130020141598
2020-05-20,36.4841423,4119.0055757492155
2020-05-21,35.83277512,3867.5778442692153
2020-05-22,35.86494827270508,3879.9966812133753
2020-05-26,36.91837310791016,4286.618667602539
2020-05-27,37.18374633789063,4389.052734375
2020-05-28,36.21876525878906,4016.5700378417932
2020-05-29,36.564552307128906,4150.043838500973
2020-06-01,37.21590423583984,4401.465682983391
2020-06-02,38.04418182373047,4721.180831909176
2020-06-03,39.59618377685547,5320.253585815426
2020-06-04,39.48359680175781,5276.795013427731
2020-06-05,42.684112548828125,6512.194091796871
2020-06-08,44.01898956298828,7027.456619262692
2020-06-09,43.03792953491211,6648.767448425289
2020-06-10,40.73003768920898,5757.921195983879
2020-06-11,37.13549423217773,4370.427421569817
2020-06-12,37.93160629272461,4677.726676940914
2020-06-15,37.907474517822266,4668.41181182861
2020-06-16,38.75986862182617,4997.4359359741175
2020-06-17,37.49736022949219,4510.1076965331995
2020-06-18,37.73056411743164,4600.124397277828
2020-06-19,36.97466659545898,4308.347953796379
2020-06-22,37.32849121,4444.924255009217
2020-06-23,37.553653717041016,4531.836982727047
2020-06-24,35.78452682495117,3848.9540023803675
2020-06-25,36.32330322265625,4056.9216918945276
2020-06-26,35.076873779296875,3575.799926757809
2020-06-29,35.63978576660156,3793.0839538574182
2020-06-30,35.96144104003906,3917.2428894042932
2020-07-01,35.14924621582031,3603.7356872558557
2020-07-02,35.446781158447266,3718.5841751098596
2020-07-06,35.696067810058594,3814.8088226318323
2020-07-07,34.77130126953125,3457.8489379882776
2020-07-08,34.69088363647461,3426.8077316284143
2020-07-09,33.25951385498047,2874.298995971676
2020-07-10,34.29685974121094,3274.714508056637
2020-07-13,34.304901123046875,3277.818481445309
2020-07-14,35.438743591308594,3715.4816741943323
2020-07-15,35.88906478881836,3889.305656433102
2020-07-16,35.60761260986328,3780.6651153564417
2020-07-17,34.99646759033203,3544.763137817379
2020-07-20,34.17623519897461,3228.1534347534143
2020-07-21,35.90515137,3895.515076769214
2020-07-22,35.06884002685547,3572.698898315426
2020-07-23,35.141212463378906,3600.634658813473
2020-07-24,34.92408752441406,3516.8244323730432
2020-07-27,35.438743591308594,3715.4816741943323
2020-07-28,35.02058410644531,3554.0721130371057
2020-07-29,35.40658950805664,3703.0701980590784
2020-07-30,33.66962432861328,3032.6016387939417
2020-07-31,33.83848953,3097.783606529214
2020-08-03,33.97520065307617,3150.5541000366175
2020-08-04,34.95625686645508,3529.2417984008753
2020-08-05,35.26183319091797,3647.194259643551
2020-08-06,35.092960357666016,3582.009346008297
2020-08-07,34.93213653564453,3519.931350708004
2020-08-10,35.79256820678711,3852.0579757690393
2020-08-11,36.16248321533203,3994.845169067379
2020-08-12,36.15427780151367,3991.6778793334925
2020-08-13,35.26866912841797,3649.832931518551
2020-08-14,35.42446517944336,3709.970207214352
2020-08-17,34.96525955200195,3532.716835021969
2020-08-18,34.79305648803711,3466.2464523315393
2020-08-19,34.407649993896484,3317.479545593258
2020-08-20,33.882850646972656,3114.9069976806604
2020-08-21,33.628639221191406,3016.781387329098
2020-08-24,34.62086105,3399.7790132492155
2020-08-25,33.52204895019531,2975.6375427246057
2020-08-26,32.808624267578125,2700.2556152343714
2020-08-27,32.58723068237305,2614.797691345211
2020-08-28,33.366249084472656,2915.4987945556604
2020-08-31,32.75123215,2678.1022578492157
2020-09-01,32.33302688598633,2516.6750259399378
2020-09-02,32.13622283935547,2440.708663940426
2020-09-03,32.07062911987305,2415.389488220211
2020-09-04,32.04602813720703,2405.893508911129
2020-09-08,31.308013916015625,2121.0200195312464
2020-09-09,31.119409561157227,2048.2187385559046
2020-09-10,30.34039306640625,1747.5183715820276
2020-09-11,30.25840377807617,1715.8705062866156
2020-09-14,30.06159782409668,1639.9034080505335
2020-09-15,29.741792678833008,1516.4586219787561
2020-09-16,31.004613876342773,2003.9076042175257
2020-09-17,30.99640274047852,2000.738105773924
2020-09-18,30.49620056152344,1807.6600646972638
2020-09-21,29.87299537658692,1567.1028633117676
2020-09-22,29.134984970092773,1282.2308464050257
2020-09-23,28.20017433166504,921.3939399719202
2020-09-24,28.14277648925781,899.2383728027289
2020-09-25,28.405168533325195,1000.5217018127405
2020-09-28,28.95458412,1212.5961182692154
2020-09-29,28.109968185424805,886.5743675231897
2020-09-30,28.150972366333008,902.4019813537561
2020-10-01,27.16695976257324,522.5731163024848
2020-10-02,27.04395294189453,475.0924835205042
2020-10-05,27.66716766357422,715.6533660888635
2020-10-06,27.38015937805176,604.8681678771954
2020-10-07,27.470361709594727,639.6862678527796
2020-10-08,28.913578033447266,1196.7677688598596
2020-10-09,28.48717498779297,1032.176193237301
2020-10-12,28.396976470947266,997.3595657348596
2020-10-13,28.060766220092773,867.5824089050257
2020-10-14,28.00337219238281,845.4283142089789
2020-10-15,28.24937438964844,940.3851623535138
2020-10-16,27.96236991882324,829.6014366149848
2020-10-19,27.404760360717773,614.3641471862757
2020-10-20,27.63436317443848,702.9908332824689
2020-10-21,27.191558837890625,532.0683593749964
2020-10-22,28.585580825805664,1070.1608467102014
2020-10-23,28.011568069458008,848.5919227600061
2020-10-26,27.34736061096192,592.2078437805176
2020-10-27,26.91275405883789,424.4497146606409
2020-10-28,25.88774299621582,28.795444488521753
2020-10-29,27.035757064819336,471.9288749694788
2020-10-30,26.748756408691406,361.1466217040979
2020-11-02,27.87217140197754,794.7848091125452
2020-11-03,27.396562576293945,611.199802398678
2020-11-04,27.24896049499512,554.2253990173322
2020-11-05,27.19976043701172,535.2341766357385
2020-11-06,26.87994956970215,411.7871818542444
2020-11-09,30.282997131347656,1725.3635406494104
2020-11-10,30.954835891723636,1984.6933021545392
2020-11-11,30.635713577270508,1861.5120887756311
2020-11-12,29.585968017578125,1456.3103027343714
2020-11-13,30.29979705810547,1731.848312377926
2020-11-16,32.04656219482422,2406.0996551513635
2020-11-17,32.47486877441406,2571.4259948730432
2020-11-18,31.248762130737305,2098.1488304138147
2020-11-19,31.408327102661133,2159.7409095764124
2020-11-20,31.022018432617188,2010.6257629394495
2020-11-23,33.05432129,2795.0946658892135
2020-11-24,35.25459289550781,3644.3995056152307
2020-11-25,34.272029876708984,3265.130180358883
2020-11-27,33.75135040283203,3064.147903442379
2020-11-30,32.02137756347656,2396.3783874511682
2020-12-01,32.33209991455078,2516.3172149658167
2020-12-02,33.54139709472656,2983.1059265136682
2020-12-03,33.76814651489258,3070.6312026977503
2020-12-04,35.00265121459961,3547.1500167846643
2020-12-07,34.34761428833008,3294.3057632446253
2020-12-08,35.47293472290039,3728.679450988766
2020-12-09,35.943214416503906,3910.207412719723
2020-12-10,36.95937347412109,4302.444808959954
2020-12-11,36.78300476074219,4234.3664855956995
2020-12-14,35.45613479614258,3722.1946792602503
2020-12-15,36.14476776123047,3988.007003784176
2020-12-16,36.699031829833984,4201.952934265133
2020-12-17,36.51427459716797,4130.636642456051
2020-12-18,35.884429931640625,3887.5166015624964
2020-12-21,35.22938537597656,3634.6694030761682
2020-12-22,34.633140563964844,3404.518905639645
2020-12-23,35.07823181152344,3576.324127197262
2020-12-24,34.93546295166016,3521.215347290039
2020-12-28,35.05303192138672,3566.5969696044885
2020-12-29,34.65833282470703,3414.243118286129
2020-12-30,34.93546295166016,3521.215347290039
2020-12-31,34.61634445,3398.0356056492146
2021-01-04,34.85148620605469,3488.8003234863245
2021-01-05,36.53107452392578,4137.121414184567
2021-01-06,37.46324539,4496.939368489215
2021-01-07,37.75716781616211,4610.393424987789
2021-01-08,38.17707824707031,4772.478851318356
2021-01-11,39.33599090576172,5219.819137573239
2021-01-12,40.20937347412109,5556.944808959954
2021-01-13,40.66285705566406,5731.989471435543
2021-01-14,42.25007629394531,6344.656097412106
2021-01-15,40.217769622802734,5560.185722351071
2021-01-19,41.01557922363281,5868.140228271481
2021-01-20,41.59503173828125,6091.808898925778
2021-01-21,40.402530670166016,5631.503486633297
2021-01-22,39.83146667480469,5411.0727844238245
2021-01-25,39.38637924194336,5239.269035339352
2021-01-26,38.52138137817383,4905.379859924313
2021-01-27,38.084693908691406,4736.818496704098
2021-01-28,38.680946350097656,4966.97193908691
2021-01-29,37.65639877319336,4571.496574401852
2021-02-01,37.72357940673828,4597.428298950192
2021-02-02,38.31983566,4827.583212709216
2021-02-03,39.82307052612305,5407.831871032711
2021-02-04,40.587284088134766,5702.818305969235
2021-02-05,41.94775391,6227.959657209216
2021-02-08,43.75330352783203,6924.901809692379
2021-02-09,43.24087905883789,6727.105964660641
2021-02-10,43.65935897827149,6888.639213562012
2021-02-11,42.566165924072266,6466.66669464111
2021-02-12,43.14692306518555,6690.838951110836
2021-02-16,44.445091247558594,7191.931869506832
2021-02-17,45.13687896728516,7458.961929321289
2021-02-18,44.42801284790039,7185.339607238766
2021-02-19,44.72692871,7300.721130009217
2021-02-22,46.37526321411133,7936.978248596188
2021-02-23,47.01580810546875,8184.228576660153
2021-02-24,48.42499923706055,8728.176353454586
2021-02-25,47.62218094,8418.288490789215
2021-02-26,46.43504333496094,7960.053375244137
2021-03-01,48.16878128051758,8629.276222229
2021-03-02,47.886940002441406,8520.485488891598
2021-03-03,48.271270751953125,8668.837158203121
2021-03-04,50.14164733886719,9390.80252075195
2021-03-05,52.03765106201172,10122.659957885739
2021-03-08,51.98641586303711,10102.88317108154
2021-03-09,51.18359756469727,9792.995307922363
2021-03-10,52.75505828857422,10399.579147338864
2021-03-11,52.36219787597656,10247.935028076168
2021-03-12,52.92587661743164,10465.515022277828
2021-03-15,51.57647705078125,9944.646789550778
2021-03-16,50.48327637,9522.671326769214
2021-03-17,50.70531845092773,9608.379570007317
2021-03-18,48.518951416015625,8764.441894531246
2021-03-19,48.24564743041992,8658.946556091305
2021-03-22,47.75028991699219,8467.7385559082
2021-03-23,47.16098785400391,8240.267959594727
2021-03-24,48.11753082275391,8609.493545532227
2021-03-25,47.98088455200195,8556.748085021969
2021-03-26,49.28758621,9061.134925009217
2021-03-29,49.02283859,8958.942343689214
2021-03-30,48.41645050048828,8724.876541137692
2021-03-31,47.68196487426758,8441.3650894165
2021-04-01,49.01428985595703,8955.64253234863
2021-04-05,48.25418472290039,8662.241950988766
2021-04-06,48.11753082275391,8609.493545532227
2021-04-07,48.33104705810547,8691.910812377926
2021-04-08,47.82715988,8497.410361629216
2021-04-09,47.71612930297852,8454.552558898926
2021-04-12,47.40013122558594,8332.577301025387
2021-04-13,47.57947922,8401.805626869216
2021-04-14,48.95450973510742,8932.56740570068
2021-04-15,48.66413497924805,8820.482749938961
2021-04-16,48.39083099365234,8714.987411499016
2021-04-19,48.23710250854492,8655.648216247555
2021-04-20,47.22077560424805,8263.346031188961
2021-04-21,47.82715988,8497.410361629216
2021-04-22,47.203704833984375,8256.756713867184
2021-04-23,47.45991516113281,8355.65390014648
2021-04-26,47.55386352539063,8391.91796875
2021-04-27,48.17732620239258,8632.57456207275
2021-04-28,49.62921524047852,9193.003730773926
2021-04-29,50.33807373046875,9466.623107910153
2021-04-30,48.886192321777344,8906.19688415527
2021-05-03,50.235599517822266,9427.06806182861
2021-05-04,50.55160140991211,9549.04479217529
2021-05-05,52.07181167602539,10135.845954895016
2021-05-06,52.56717300415039,10327.055427551266
2021-05-07,53.31873703,10617.159141529217
2021-05-10,53.44685363769531,10666.612152099606
2021-05-11,51.74727249145508,10010.573829650875
2021-05-12,52.02455139160156,10117.603485107418
2021-05-13,51.38334655761719,9870.09841918945
2021-05-14,52.65710449,10361.768981089215
2021-05-17,53.88752365112305,10836.710777282711
2021-05-18,52.362491607666016,10248.048408508297
2021-05-19,51.10606384277344,9763.067291259762
2021-05-20,50.98475646972656,9716.242645263668
2021-05-21,51.05407715,9743.000427849212
2021-05-24,51.651954650878906,9973.781143188473
2021-05-25,50.48218918,9522.251671429214
2021-05-26,51.071407318115234,9749.689872741696
2021-05-27,50.74214172363281,9622.59335327148
2021-05-28,50.57749557495117,9559.039939880367
2021-06-01,52.38846969604492,10258.075950622555
2021-06-02,52.80440521240234,10418.627059936516
2021-06-03,53.01236343383789,10498.89893341064
2021-06-04,53.24632645,10589.208657649215
2021-06-07,52.899715423583984,10455.416801452633
2021-06-08,53.83553695678711,10816.64391326904
2021-06-09,54.28611755371094,10990.568023681637
2021-06-10,54.37276840209961,11024.015251159664
2021-06-11,53.87019729614258,10830.02280426025
2021-06-14,53.78354263305664,10796.574104309078
2021-06-15,55.74183273,11552.474081729215
2021-06-16,55.54253768920898,11475.54619598388
2021-06-17,53.71422958374024,10769.81926727295
2021-06-18,52.33649444580078,10238.013504028317
2021-06-21,54.23413086,10970.501159909214
2021-06-22,55.27392578,11371.861999029214
2021-06-23,55.68117904663086,11529.061759948727
2021-06-24,55.90646743774414,11616.023078918453
2021-06-25,56.02777862548828,11662.849197387692
2021-06-28,54.59805679321289,11110.97657012939
2021-06-29,54.26012802124024,10980.53606414795
2021-06-30,54.65870666503906,11134.387420654293
2021-07-01,54.81467819213867,11194.592430114742
2021-07-02,54.736698150634766,11164.492134094235
2021-07-06,53.177005767822266,10562.45087432861
2021-07-07,52.34516525268555,10241.360435485836
2021-07-08,52.111209869384766,10151.053657531735
2021-07-09,53.0556869506836,10515.621810913086
2021-07-12,53.003692626953125,10495.552001953121
2021-07-13,52.75241470336914,10398.558723449703
2021-07-14,51.582637786865234,9947.024833679196
2021-07-15,51.08007049560547,9753.033859252926
2021-07-16,49.66767883300781,9207.85067749023
2021-07-19,47.96067428588867,8548.946922302242
2021-07-20,48.48923873901367,8752.972801208492
2021-07-21,50.04893493652344,9355.015533447262
2021-07-22,49.485721588134766,9137.615180969235
2021-07-23,49.42506027,9114.199912169217
2021-07-26,50.67281723022461,9595.834098815914
2021-07-27,50.109596252441406,9378.430801391598
2021-07-28,50.447540283203125,9508.877197265621
2021-07-29,51.06274032592773,9746.344413757317
2021-07-30,49.88431167602539,9291.470954895016
2021-08-02,49.892974853515625,9294.814941406246
2021-08-03,50.430206298828125,9502.186279296871
2021-08-04,49.25176239013672,9047.306930541989
2021-08-05,49.563697814941406,9167.714004516598
2021-08-06,50.13558578491211,9388.46276092529
2021-08-09,49.563697814941406,9167.714004516598
2021-08-10,50.41286849975586,9495.493888854977
2021-08-11,50.56017303466797,9552.353439331051
2021-08-12,50.44581604003906,9508.211639404293
2021-08-13,49.93564987182617,9311.287498474117
2021-08-16,49.205562591552734,9029.47380828857
2021-08-17,48.871315002441406,8900.454238891598
2021-08-18,47.84217071533203,8503.20454406738
2021-08-19,46.38200759887695,7939.581581115719
2021-08-20,46.390811920166016,7942.980049133297
2021-08-23,48.299564361572266,8679.75849151611
2021-08-24,48.69538879394531,8832.546722412106
2021-08-25,48.78335189819336,8866.500480651852
2021-08-26,48.12364959716797,8611.855392456051
2021-08-27,49.056034088134766,8971.755805969235
2021-08-30,48.51947021484375,8764.642150878903
2021-08-31,47.95651626586914,8547.341926574703
2021-09-01,47.29681015014648,8292.695365905754
2021-09-02,48.44910812,8737.482382269216
2021-09-03,48.26437759399414,8666.176399230953
2021-09-07,47.98290252685547,8557.527023315426
2021-09-08,47.54309844970703,8387.76264953613
2021-09-09,47.57828521728516,8401.344741821289
2021-09-10,47.48152160644531,8363.993988037106
2021-09-13,48.70418548583984,8835.942245483391
2021-09-14,48.00929641723633,8567.715065002438
2021-09-15,49.62778472900391,9192.451553344727
2021-09-16,49.10002136230469,8988.734893798824
2021-09-17,48.51947021484375,8764.642150878903
2021-09-20,47.22643661499024,8265.53118133545
2021-09-21,47.18246078491211,8248.55651092529
2021-09-22,48.56344985961914,8781.618293762203
2021-09-23,50.20833587646485,9416.544296264648
2021-09-24,50.65693664550781,9589.70419311523
2021-09-27,52.16107177734375,10170.300354003903
2021-09-28,52.70642852783203,10380.80805969238
2021-09-29,52.67124176025391,10367.225967407227
2021-09-30,51.73885726928711,10007.32555389404
2021-10-01,53.59484863,10723.738219129216
2021-10-04,54.28974151611328,10991.966873168942
2021-10-05,54.20177078,10958.010169029214
2021-10-06,53.207820892333984,10574.345512390133
2021-10-07,53.35734558105469,10632.062042236324
2021-10-08,54.69435501098633,11148.147682189938
2021-10-11,54.14899826049805,10937.639976501461
2021-10-12,53.86751937866211,10828.98912811279
2021-10-13,53.71798324584961,10771.268180847164
2021-10-14,54.53602600097656,11087.032684326168
2021-10-15,55.05500411987305,11287.358238220211
2021-10-18,55.02861404418945,11277.171669006344
2021-10-19,55.85544204711914,11596.327278137203
2021-10-20,56.16331100463867,11715.164695739742
2021-10-21,55.14295959472656,11321.309051513668
2021-10-22,55.52118682861328,11467.304763793942
2021-10-25,56.603126525878906,11884.933486938473
2021-10-26,57.91373825073242,12390.82961273193
2021-10-27,56.40959930419922,11810.231979370114
2021-10-28,56.56793212890625,11871.348449707028
2021-10-29,56.70866775512695,11925.672401428219
2021-11-01,57.72902297973633,12319.529518127438
2021-11-02,57.01653671264648,12044.509819030754
2021-11-03,56.23368453979492,11742.328880310055
2021-11-04,56.655906677246094,11905.306625366207
2021-11-05,57.19245147705078,12112.412918090817
2021-11-08,57.80819320678711,12350.08922576904
2021-11-09,58.37114715576172,12567.389450073239
2021-11-10,57.22119522094727,12123.508003234863
2021-11-11,57.32815933227539,12164.796150207516
2021-11-12,56.89135742,11996.190612069215
2021-11-15,57.381649017333984,12185.443168640133
2021-11-16,57.961082458496094,12409.104476928707
2021-11-17,57.32815933227539,12164.796150207516
2021-11-18,56.70415496826172,11923.930465698239
2021-11-19,54.08333969116211,10912.29576873779
2021-11-22,54.832149505615234,11201.336357116696
2021-11-23,56.27626800537109,11758.766098022454
2021-11-24,56.58826828,11879.198204029217
2021-11-26,54.60036849975586,11111.868888854977
2021-11-29,54.903465270996094,11228.864242553707
2021-11-30,53.343448638916016,10626.697822570797
2021-12-01,53.29888534545898,10609.49639129638
2021-12-02,54.62711334228516,11122.192398071289
2021-12-03,54.27945327758789,10987.99561309814
2021-12-06,54.89454650878906,11225.421600341793
2021-12-07,55.50963211,11462.844642409214
2021-12-08,55.67009735107422,11524.784225463864
2021-12-09,55.81271743774414,11579.835578918453
2021-12-10,56.16929626464844,11717.475006103512
2021-12-13,54.93911743164063,11242.6259765625
2021-12-14,54.85889053344727,11211.658393859863
2021-12-15,54.61819839477539,11118.751228332516
2021-12-16,54.70734405517578,11153.161453247067
2021-12-17,53.51282883,10692.078576329215
2021-12-20,52.73727416992188,10392.714477539062
2021-12-21,53.93180084228516,10853.801773071289
2021-12-22,54.36859893798828,11022.405838012692
2021-12-23,54.39534759521485,11032.730819702148
2021-12-27,55.17089844,11332.093445789214
2021-12-28,54.99260711669922,11263.272994995114
2021-12-29,54.511226654052734,11077.46013641357
2021-12-30,54.19031524658203,10953.58833312988
2021-12-31,54.54688644,11091.224813789217
2022-01-03,56.64175796508789,11899.84522247314
2022-01-04,58.77228927612305,12722.230308532711
2022-01-05,59.503265380859375,13004.387084960934
2022-01-06,60.90282440185547,13544.616867065426
2022-01-07,61.40201568603516,13737.304702758789
2022-01-10,61.03652572631836,13596.225578308102
2022-01-11,63.60387802124024,14587.22356414795
2022-01-12,63.41666793823242,14514.96047210693
2022-01-13,62.962032318115234,14339.471122741696
2022-01-14,64.06741333007812,14766.148193359371
2022-01-18,65.14603424072266,15182.49586486816
2022-01-19,65.17278289794922,15192.820846557614
2022-01-20,65.3154068,15247.873672749218
2022-01-21,64.33483887,14869.374451769214
2022-01-24,64.88752746582031,15082.712249755856
2022-01-25,66.79519653320312,15819.072509765621
2022-01-26,66.11771392822266,15557.56422424316
2022-01-27,66.96457672,15884.453261869214
2022-01-28,67.10720825195312,15939.509033203121
2022-01-31,67.71338653564453,16173.493850708004
2022-02-01,72.05467224121094,17849.230133056637
2022-02-02,71.86746215820312,17776.96704101562
2022-02-03,71.02951813,17453.520646129215
2022-02-04,72.57170104980469,18048.803253173824
2022-02-07,73.44529724121094,18386.011383056637
2022-02-08,71.54653930664062,17653.090820312496
2022-02-09,71.20404815673828,17520.88923645019
2022-02-10,70.51903533935547,17256.474288940426
2022-02-11,72.29464721679688,17941.86047363281
2022-02-14,71.18602752685547,17513.933273315426
2022-02-15,70.29370880126953,17169.498245239254
2022-02-16,70.61819458007812,17294.74975585937
2022-02-17,70.51003265,17252.999250849214
2022-02-18,69.72589111328125,16950.320617675778
2022-02-22,68.91470336914062,16637.202148437496
2022-02-23,69.19409942626953,16745.049026489254
2022-02-24,68.31983184814453,16407.581741333004
2022-02-25,70.15853118896484,17117.319686889645
2022-02-28,70.68128967285156,17319.10446166992
2022-03-01,71.35727692,17580.035539069217
2022-03-02,72.58305358886719,18053.18533325195
2022-03-03,73.04272461,18230.618347409214
2022-03-04,75.79174805,19291.741395249213
2022-03-07,78.52273559570312,20345.90258789062
2022-03-08,79.11760711669922,20575.522994995114
2022-03-09,74.62004089355469,18839.462432861324
2022-03-10,76.93643188476562,19733.589355468746
2022-03-11,76.53986358642578,19580.513992309567
2022-03-14,73.79983520507812,18522.86303710937
2022-03-15,69.59970856,16901.614152109214
2022-03-16,69.33832550048828,16800.72029113769
2022-03-17,71.18602752685547,17513.933273315426
2022-03-18,70.90662384033203,17406.08345031738
2022-03-21,74.08825684,18634.193788189215
2022-03-22,73.76378631591797,18508.94816589355
2022-03-23,74.92648315429688,18957.74914550781
2022-03-24,75.15182495117188,19044.73107910156
2022-03-25,76.79221344,19677.921035789215
2022-03-28,74.63807678222656,18846.42428588867
2022-03-29,74.24150085449219,18693.3459777832
2022-03-30,75.51234436035156,19183.89157104492
2022-03-31,74.43976593017578,18769.876296997067
2022-04-01,74.91747283935547,18954.271163940426
2022-04-04,74.95352172851562,18968.186035156246
2022-04-05,74.56595611572266,18818.58570861816
2022-04-06,75.39517974853516,19138.666030883785
2022-04-07,76.65702056884766,19625.73658752441
2022-04-08,78.27037048339844,20248.489654541012
2022-04-11,75.57543182373047,19208.243331909176
2022-04-12,77.15274810791016,19817.087417602535
2022-04-13,78.24332427978516,20238.049819946285
2022-04-14,79.16267395019531,20592.918792724606
2022-04-18,79.81163787841797,20843.41886901855
2022-04-19,79.09957885742188,20568.56408691406
2022-04-20,79.27986145019531,20638.153167724606
2022-04-21,78.44161987304688,20314.59191894531
2022-04-22,76.72912598,19653.569276229216
2022-04-25,74.14234924316406,18655.073455810543
2022-04-26,74.16938018798828,18665.50740051269
2022-04-27,76.28749084472656,19483.09811401367
2022-04-28,78.59484863,20373.738219129216
2022-04-29,76.83728027,19695.316832169214
2022-05-02,77.8828125,20098.892272949215
2022-05-03,79.48714447021484,20718.164413452145
2022-05-04,82.65077972,21939.327619869215
2022-05-05,81.39794158935547,21455.732101440426
2022-05-06,82.64176177978516,21935.846694946285
2022-05-09,76.12523651123047,19420.467941284176
2022-05-10,76.62996673583984,19615.293807983395
2022-05-11,78.22531891,20231.099747209213
2022-05-12,78.58042907714844,20368.172271728512
2022-05-13,80.91142272949219,21267.9358215332
2022-05-16,82.81447601,22002.514387809217
2022-05-17,83.87071990966797,22410.22453308105
2022-05-18,82.54130554199219,21897.0705871582
2022-05-19,82.98748016357422,22069.293991088864
2022-05-20,83.64308929,22322.35911388922
2022-05-23,85.49150085449219,23035.8459777832
2022-05-24,85.95586395263672,23215.09013366699
2022-05-25,87.68592071533203,23882.89204406738
2022-05-26,87.99550629,24002.392075889216
2022-05-27,88.86052703857422,24336.290084838864
2022-05-31,87.41275787353516,23777.451187133785
2022-06-01,89.08815765,24424.155500849218
2022-06-02,88.93338012695312,24364.41137695312
2022-06-03,90.22634887695312,24863.49731445312
2022-06-06,89.99871063232422,24775.628952026364
2022-06-07,94.12349700927734,26367.79649353027
2022-06-08,95.234375,26796.595397949215
2022-06-09,93.17653656,26002.26976010922
2022-06-10,91.47380828857422,25345.016647338864
2022-06-13,87.27616119384766,23724.72486877441
2022-06-14,87.50380707,23812.59617696921
2022-06-15,86.40203094482422,23387.310592651364
2022-06-16,83.21512603759766,22157.16529846191
2022-06-17,78.41651916503906,20304.903045654293
2022-06-21,83.29706573486328,22188.79402160644
2022-06-22,80.00086975097656,20916.46237182617
2022-06-23,77.58792114257812,19985.06420898437
2022-06-24,79.12676239013672,20579.05693054199
2022-06-27,81.06623077392578,21327.691726684567
2022-06-28,83.31527709960938,22195.823608398434
2022-06-29,80.23762512207031,21007.849945068356
2022-06-30,77.97946166992188,20136.19885253906
2022-07-01,79.71861267089844,20807.511138916012
2022-07-05,77.22370910644531,19844.478363037106
2022-07-06,75.83055877685547,19306.722335815426
2022-07-07,78.25262451171875,20241.639709472653
2022-07-08,78.38010406,20290.846815109213
2022-07-11,77.97946166992188,20136.19885253906
2022-07-12,76.94142150878906,19735.515350341793
2022-07-13,77.25102233886719,19855.02127075195
2022-07-14,75.70307922363281,19257.51522827148
2022-07-15,76.97785186767578,19749.577468872067
2022-07-18,78.39830780029297,20297.8734588623
2022-07-19,80.37420654296875,21060.570373535153
2022-07-20,81.25743103027344,21401.495025634762
2022-07-21,79.90071105957031,20877.801116943356
2022-07-22,79.29065704345703,20642.32026672363
2022-07-25,81.93123626708984,21661.583847045895
2022-07-26,81.61254119873047,21538.567550659176
2022-07-27,83.37901306152344,22220.425689697262
2022-07-28,84.35330200195312,22596.50122070312
2022-07-29,88.25955963134766,24104.31666564941
2022-08-01,86.02872467041016,23243.214370727535
2022-08-02,85.65539551,23099.109314809215
2022-08-03,82.87821197509766,22027.11647033691
2022-08-04,79.39081573486328,20680.98152160644
2022-08-05,80.53810119628906,21123.833709716793
2022-08-08,80.99337005615234,21299.56748962402
2022-08-09,82.48668670654297,21875.9877166748
2022-08-10,83.26974487304688,22178.24816894531
2022-08-11,85.67858887,23108.061951769214
2022-08-12,86.42329406738281,23395.51815795898
2022-08-15,84.87870788574219,22799.3078918457
2022-08-16,84.0880127,22494.09955014921
2022-08-17,84.76835632324219,22756.7121887207
2022-08-18,86.77264404296875,23530.367248535153
2022-08-19,86.49683380126953,23423.904495239254
2022-08-22,86.43247223,23399.060928729214
2022-08-23,90.10086059570312,24815.05883789062
2022-08-24,90.63413239,25020.901750489214
2022-08-25,91.10300446,25201.88636950921
2022-08-26,89.98135375976562,24768.929199218746
2022-08-29,92.04999542236328,25567.42488098144
2022-08-30,88.54708862304688,24215.30285644531
2022-08-31,87.88512420654297,23959.7845916748
2022-09-01,86.30376434326172,23349.37968444824
2022-09-02,87.88512420654297,23959.7845916748
2022-09-06,87.29669189453125,23732.649719238278
2022-09-07,86.55200195,23445.19940064922
2022-09-08,87.25994873046875,23718.466857910153
2022-09-09,88.72177124023438,24282.730346679684
2022-09-12,89.74231719970703,24676.66108703613
2022-09-13,87.64607238769531,23867.510589599606
2022-09-14,89.79746246,24697.947157509214
2022-09-15,87.18639373779297,23690.0746307373
2022-09-16,85.69696044921875,23115.153381347653
2022-09-19,85.68775939941406,23111.601776123043
2022-09-20,84.98902130126953,22841.888870239254
2022-09-21,83.61911774,22313.106095589214
2022-09-22,83.2697525,22178.251112949212
2022-09-23,78.83826446533203,20467.69673156738
2022-09-26,77.21092987060547,19839.545578002926
2022-09-27,78.82906341552734,20464.14512634277
2022-09-28,81.69758605957031,21571.394866943356
2022-09-29,81.53210449,21507.51898108921
2022-09-30,80.27251434326172,21021.31718444824
2022-10-03,84.51092529296875,22657.343811035153
2022-10-04,87.59089660644531,23846.212738037106
2022-10-05,91.13059235,25212.535295049212
2022-10-06,93.83361816,26255.90325770922
2022-10-07,92.88664245605467,25890.370635986317
2022-10-10,90.87315368652344,25113.163970947262
2022-10-11,90.10086059570312,24815.05883789062
2022-10-12,90.49620056152344,24967.660064697262
2022-10-13,93.65894317626952,26188.478713989247
2022-10-14,91.19494629,25237.375915889217
2022-10-17,92.50969696044922,25744.869674682614
2022-10-18,92.6751709,25808.742615349216
2022-10-19,95.42418670654295,26869.862716674794
2022-10-20,95.55288696289062,26919.541015624996
2022-10-21,97.32733154296876,27604.47662353516
2022-10-24,98.00767517089844,27867.089263916012
2022-10-25,97.34571838378906,27611.573944091793
2022-10-26,98.50415802001952,28058.731643676747
2022-10-27,98.88111114501952,28204.235549926747
2022-10-28,101.77720642089844,29322.128326416012
2022-10-31,101.87833404541016,29361.163589477535
2022-11-01,102.88968658447266,29751.54566955566
2022-11-02,100.77507781982422,28935.306686401364
2022-11-03,102.14496612548828,29464.08357238769
2022-11-04,103.2574234008789,29893.492080688473
2022-11-07,104.4802246,30365.493343549217
2022-11-08,104.81122589111328,30493.25984191894
2022-11-09,100.1222915649414,28683.331192016598
2022-11-10,101.59333801269533,29251.155120849613
2022-11-11,104.7652359008789,30475.507705688473
2022-11-14,105.07108306884766,30593.56471252441
2022-11-15,105.77544403076172,30865.44804382324
2022-11-16,104.64476776123048,30429.007003784183
2022-11-17,104.78377532958984,30482.663925170895
2022-11-18,103.87551879882812,30132.07690429687
2022-11-21,102.84676361083984,29734.977401733395
2022-11-22,105.82180786132812,30883.34448242187
2022-11-23,105.29352569580078,30679.427566528317
2022-11-25,104.92279052734376,30536.32379150391
2022-11-28,101.77167510986328,29319.99324035644
2022-11-29,102.44825744628906,29581.154022216793
2022-11-30,103.18968200683594,29867.343902587887
2022-12-01,102.68921661376952,29674.164260864247
2022-12-02,101.81802368164062,29337.883789062496
2022-12-05,99.0283660888672,28261.075958251957
2022-12-06,96.27577209472656,27198.57467651367
2022-12-07,96.06261444091795,27116.295822143544
2022-12-08,96.77625274658205,27391.760208129886
2022-12-09,95.96066284179688,27076.94250488281
2022-12-12,98.32398986816406,27989.186737060543
2022-12-13,99.39908599853516,28404.173843383785
2022-12-14,98.66690063476562,28121.550292968746
2022-12-15,97.72158051,27756.656724809214
2022-12-16,97.03575134277344,27491.926666259762
2022-12-19,97.47134399414062,27660.065429687496
2022-12-20,98.88007354736328,28203.83503723144
2022-12-21,100.14979553222656,28693.94772338867
2022-12-22,98.12937927246094,27914.067047119137
2022-12-23,100.72440338134766,28915.74635314941
2022-12-27,102.12387084960938,29455.940795898434
2022-12-28,100.44638061523438,28808.429565429684
2022-12-29,101.20632934570312,29101.76977539062
2022-12-30,102.22581481933594,29495.291168212887
2023-01-03,98.71324157714844,28139.437896728512
2023-01-04,99.00056457519533,28250.344573974613
2023-01-05,101.21560668945312,29105.35083007812
2023-01-06,102.43899536132812,29577.57885742187
2023-01-09,100.5297852,28840.62373514922
2023-01-10,102.03118896484376,29420.16558837891
2023-01-11,103.21749877929688,29878.08117675781
2023-01-12,104.93206787109376,30539.90484619141
2023-01-13,104.8671875,30514.861022949215
2023-01-17,104.66329193115234,30436.15733337402
2023-01-18,102.5131378173828,29606.197845458973
2023-01-19,103.17115020751952,29860.190628051747
2023-01-20,105.05255126953124,30586.41143798827
2023-01-23,104.50574493408205,30375.344192504886
2023-01-24,105.4788589477539,30750.966201782223
2023-01-25,104.92279052734376,30536.32379150391
2023-01-26,109.13975524902344,32164.072174072262
2023-01-27,107.1471176147461,31394.914047241207
2023-01-30,105.2471694946289,30661.534072875973
2023-01-31,107.51782989501952,31538.008987426747
2023-02-01,106.3407974243164,31083.674453735348
2023-02-02,103.01359558105467,29799.374542236317
2023-02-03,103.72722625732422,30074.835983276364
2023-02-06,103.5511474609375,30006.86956787109
2023-02-07,106.50762176513672,31148.06864929199
2023-02-08,105.58081817626952,30790.322463989247
2023-02-09,105.97935485839844,30944.157623291012
2023-02-10,110.44650268554688,32668.47668457031
2023-02-13,110.01691436767578,32502.655593872067
2023-02-14,108.72808074951172,32005.16581726074
2023-02-15,108.40120697021484,31878.992538452145
2023-02-16,108.08367919921876,31756.42681884766
2023-02-17,103.92768096923828,30152.21150207519
2023-02-21,103.8249512,30112.557811149218
2023-02-22,102.48009490966795,29593.443283081044
2023-02-23,103.42335510253906,29957.541717529293
2023-02-24,103.43270874023438,29961.152221679684
2023-02-27,103.24591827392578,29889.051101684567
2023-02-28,102.64820861816406,29658.335174560543
2023-03-01,103.56344604492188,30011.61682128906
2023-03-02,104.0397491455078,30195.469818115223
2023-03-03,105.35659790039062,30703.773437499996
2023-03-06,106.29051208496094,31064.264312744137
2023-03-07,104.2358856201172,30271.178497314457
2023-03-08,102.71356964111328,29683.56452941894
2023-03-09,101.91973114013672,29377.14286804199
2023-03-10,100.65894317626952,28890.478713989247
2023-03-13,99.50085449,28443.456481089215
2023-03-14,99.87444305419922,28587.661666870114
2023-03-15,94.90593719482422,26669.818405151364
2023-03-16,94.35490417480467,26457.119659423817
2023-03-17,93.24352264404295,26028.126388549794
2023-03-20,95.68108367919922,26969.024948120114
2023-03-21,99.9678192138672,28623.704864501957
2023-03-22,97.6796875,27740.486022949215
2023-03-23,96.57765961,27315.103257409213
2023-03-24,96.68973541259766,27358.36451721191
2023-03-27,98.80974578857422,28176.688522338864
2023-03-28,100.04255676269533,28652.553558349613
2023-03-29,101.76097106933594,29315.861480712887
2023-03-30,102.25595092773438,29506.923706054684
2023-03-31,102.41471862792967,29568.208038330067
2023-04-03,108.45724487304688,31900.62316894531
2023-04-04,107.42057800292967,31500.469757080067
2023-04-05,109.26042175292967,32210.649444580067
2023-04-06,107.4486083984375,31511.28948974609
2023-04-10,106.9722900390625,31327.43060302734
2023-04-11,107.72877502441406,31619.433807373043
2023-04-12,107.61671447753906,31576.178436279293
2023-04-13,108.12102508544922,31770.842330932614
2023-04-14,108.38253021240234,31871.78330993652
2023-04-17,107.12171936035156,31385.11032104492
2023-04-18,109.21372985839844,32192.626373291012
2023-04-19,108.86817169189452,32059.240921020497
2023-04-20,107.99962615966795,31723.982345581044
2023-04-21,108.3451690673828,31857.361907958973
2023-04-24,110.3904800415039,32646.851943969723
2023-04-25,108.82146453857422,32041.211959838864
2023-04-26,107.8221664428711,31655.482894897457
2023-04-27,109.11100006103516,32152.972671508785
2023-04-28,110.52122497558594,32697.319488525387
2023-05-01,107.0937042236328,31374.296478271473
2023-05-02,102.82564544677734,29726.82579040527
2023-05-03,100.7990264892578,28944.550872802723
2023-05-04,99.03389739990234,28263.21104431152
2023-05-05,101.4994659423828,29214.920501708973
2023-05-08,101.90105438232422,29369.933639526364
2023-05-09,101.9290771484375,29380.75042724609
2023-05-10,100.621582,28876.057299949218
2023-05-11,98.80040740966795,28173.083908081044
2023-05-12,98.79105377197266,28169.47340393066
2023-05-15,98.97948455810548,28242.207687377933
2023-05-16,96.57728576660156,27314.95895385742
2023-05-17,98.74396514892578,28151.297195434567
2023-05-18,99.63890075683594,28496.742340087887
2023-05-19,100.10049438476562,28674.917480468746
2023-05-22,98.88527679,28205.84348888922
2023-05-23,100.23239135742188,28725.82971191406
2023-05-24,101.35340118408205,29158.539505004886
2023-05-25,99.53527832,28456.74407946922
2023-05-26,98.88527679,28205.84348888922
2023-05-30,98.00918579101562,27867.672363281246
2023-05-31,96.25699615478516,27191.327163696285
2023-06-01,97.3686065673828,27620.408782958973
2023-06-02,99.62947082519533,28493.102386474613
2023-06-05,99.1867218017578,28322.201263427723
2023-06-06,99.99687957763672,28634.92216491699
2023-06-07,102.23890686035156,29500.34469604492
2023-06-08,101.91862487792967,29376.715850830067
2023-06-09,101.16500091552734,29085.81700134277
2023-06-12,100.25121307373048,28733.094894409183
2023-06-13,100.2700653076172,28740.371856689457
2023-06-14,99.06426239013672,28274.93193054199
2023-06-15,99.75194549560548,28540.377609252933
2023-06-16,99.03599548339844,28264.020904541012
2023-06-20,96.76570129394533,27387.687347412113
2023-06-21,97.84904479980467,27805.857940673817
2023-06-22,97.31208038330078,27598.589675903317
2023-06-23,96.46425629,27271.329575889216
2023-06-26,98.24469757080078,27958.579910278317
2023-06-27,98.48962402,28053.12151966921
2023-06-28,99.29035186767578,28362.202468872067
2023-06-29,100.51499938964844,28834.916412353512
2023-06-30,101.03311157226562,29034.907714843746
2023-07-03,101.2309341430664,29111.267227172848
2023-07-05,100.71282196044922,28911.275924682614
2023-07-06,96.95410156,27460.409850109212
2023-07-07,97.18019104003906,27547.680389404293
2023-07-10,98.62149810791016,28104.024917602535
2023-07-11,99.82730865478516,28569.467788696285
2023-07-12,100.31716918945312,28758.55395507812
2023-07-13,98.48020172,28049.484511869214
2023-07-14,95.08888244628906,26740.435272216793
2023-07-17,95.50336456298828,26900.42536926269
2023-07-18,95.07003784179688,26733.16125488281
2023-07-19,95.7294693,26987.701797749218
2023-07-20,97.41570281982422,27638.587936401364
2023-07-21,97.8678741455078,27813.126068115223
2023-07-24,99.40338897705078,28405.834793090817
2023-07-25,99.55412292480467,28464.018096923817
2023-07-26,98.99832153320312,28249.47875976562
2023-07-27,99.30918884277344,28369.473541259762
2023-07-28,98.12223052978516,27911.307632446285
2023-07-31,101.02369689941406,29031.273651123043
2023-08-01,100.43962097167967,28805.820343017567
2023-08-02,99.1867218017578,28322.201263427723
2023-08-03,100.91065216064452,28987.638381957997
2023-08-04,101.19325256347656,29096.72213745117
2023-08-07,100.98600006103516,29016.722671508785
2023-08-08,101.48529052734376,29209.44879150391
2023-08-09,103.20921325683594,29874.882965087887
2023-08-10,103.73675537109376,30078.51422119141
2023-08-11,105.34762573242188,30700.31018066406
2023-08-14,105.43241119384766,30733.03736877441
2023-08-15,102.7256088256836,29688.211654663082
2023-08-16,100.99705505371094,29020.989898681637
2023-08-17,102.95354461669922,29776.194869995114
2023-08-18,104.51115417480467,30377.432159423817
2023-08-21,103.24796295166016,29889.840347290035
2023-08-22,102.66860961914062,29666.209960937496
2023-08-23,101.76634979248048,29317.937667846683
2023-08-24,101.00653076171876,29024.64752197266
2023-08-25,102.81108856201172,29721.20683288574
2023-08-28,103.67536163330078,30054.816238403317
2023-08-29,104.29269409179688,30293.10656738281
2023-08-30,105.3089370727539,30685.376358032223
2023-08-31,105.60336303710938,30799.024780273434
2023-09-01,107.81629943847656,31653.21823120117
2023-09-05,107.82579040527344,31656.881744384762
2023-09-06,108.75655364990234,32016.15635681152
2023-09-07,108.22468566894533,31810.855316162113
2023-09-08,109.80128479003906,32419.422576904293
2023-09-11,108.42414093017578,31887.845046997067
2023-09-12,111.58682250976562,33108.64013671875
2023-09-13,110.58958435058594,32723.706207275387
2023-09-14,112.5650634765625,33486.241149902344
2023-09-15,110.83650970458984,32819.0193939209
2023-09-18,111.7292938232422,33163.6340637207
2023-09-19,111.4348602294922,33049.9826965332
2023-09-20,110.55158996582033,32709.040374755863
2023-09-21,108.9939956665039,32107.808975219723
2023-09-22,109.16494750976562,32173.796386718746
2023-09-25,110.3901367,32646.71941414922
2023-09-26,110.56109619140624,32712.70977783202
2023-09-27,114.1606674194336,34102.144271850586
2023-09-28,113.46733856201172,33834.51933288574
2023-09-29,111.67230224609376,33141.635314941406
2023-10-02,109.8202667236328,32426.749603271473
2023-10-03,110.0102310180664,32500.075820922848
2023-10-04,105.89778137207033,30912.670257568363
2023-10-05,103.5138931274414,29992.489395141598
2023-10-06,101.78534698486328,29325.27058410644
2023-10-09,105.3469238,30700.039234749212
2023-10-10,104.90054321289062,30527.736328124996
2023-10-11,101.13951110839844,29075.977935791012
2023-10-12,101.12052154541016,29068.647964477535
2023-10-13,104.34968566894533,30315.105316162113
2023-10-16,104.42566680908205,30344.434036254886
2023-10-17,105.7933120727539,30872.345108032223
2023-10-18,107.2749252319336,31444.247787475582
2023-10-19,107.3414077758789,31469.910049438473
2023-10-20,105.49889373779295,30758.699630737294
2023-10-23,103.9507827758789,30161.128799438473
2023-10-24,102.9440460205078,29772.528411865223
2023-10-25,103.1339874267578,29845.845794677723
2023-10-26,102.19373321533205,29482.907669067386
2023-10-27,100.24674224853516,28731.369155883785
2023-10-30,100.5601577758789,28852.347549438473
2023-10-31,100.53166198730467,28841.348175048817
2023-11-01,100.33221435546876,28764.36138916016
2023-11-02,103.62787628173828,30036.48689270019
2023-11-03,102.3647003173828,29548.900970458973
2023-11-06,100.5506591796875,28848.68109130859
2023-11-07,98.97406005859376,28240.11383056641
2023-11-08,97.75838470458984,27770.863143920895
2023-11-09,97.78686523,27781.856626729215
2023-11-10,98.53717803955078,28071.477371215817
2023-11-13,99.57240295410156,28471.07418823242
2023-11-14,99.95579528808594,28619.063629150387
2023-11-15,99.35197448730467,28385.988800048817
2023-11-16,98.20184326171876,27942.03814697266
2023-11-17,100.5979461669922,28866.933868408207
2023-11-20,100.15705871582033,28696.751312255863
2023-11-21,100.11872100830078,28681.952957153317
2023-11-22,99.68743133544922,28515.475143432614
2023-11-24,100.22415161132812,28722.64916992187
2023-11-27,99.63950348,28496.974991229214
2023-11-28,99.58200836,28474.781874909215
2023-11-29,98.08682250976562,27897.640136718746
2023-11-30,98.47020721435548,28045.626632690433
2023-12-01,98.70981598,28138.115616229214
2023-12-04,98.17308807373048,27930.938644409183
2023-12-05,96.26579284667967,27194.722686767567
2023-12-06,94.99106598,26702.678116229214
2023-12-07,94.32974243164062,26447.407226562496
2023-12-08,95.41278839111328,26865.46296691894
2023-12-11,95.47988891601562,26891.363769531246
2023-12-12,93.97512817382812,26310.52612304687
2023-12-13,94.80896759033205,26632.388137817386
2023-12-14,97.35841369628906,27616.474334716793
2023-12-15,96.70668029785156,27364.90524291992
2023-12-18,97.42550659179688,27642.37219238281
2023-12-19,98.70981598,28138.115616229214
2023-12-20,97.06129455566406,27501.786346435543
2023-12-21,97.50218963623048,27671.971847534183
2023-12-22,97.67470551,27738.562974809214
2023-12-26,97.89513397216795,27823.648361206044
2023-12-27,97.43508911132812,27646.07104492187
2023-12-28,96.02619171142578,27102.236648559567
2023-12-29,95.82491302490234,27024.54307556152
2024-01-02,98.10599517822266,27905.04078674316
2024-01-03,98.93026733398438,28223.209838867184
2024-01-04,98.06765747070312,27890.24243164062
2024-01-05,98.36477661132812,28004.93041992187
2024-01-08,96.72584533691406,27372.302947998043
2024-01-09,95.52779388427734,26909.85508728027
2024-01-10,94.58852386,26547.296857909216
2024-01-11,94.56935119628906,26539.896209716793
2024-01-12,95.79615020751952,27013.440628051747
2024-01-16,93.6300811767578,26177.337982177723
2024-01-17,92.94959259033205,25914.669387817386
2024-01-18,92.77707672,25848.078261869214
2024-01-19,92.92082977294922,25903.566940307614
2024-01-22,92.79623413085938,25855.473022460934
2024-01-23,93.84093475341795,26258.727462768544
2024-01-24,95.46070098876952,26883.957229614247
2024-01-25,97.88555145263672,27819.94950866699
2024-01-26,98.71940612792967,28141.817413330067
2024-01-29,98.84399414,28189.908385989216
2024-01-30,100.49250793457033,28826.234710693363
2024-01-31,98.53730010986328,28071.52449035644
2024-02-01,98.13474274,27916.137345589214
2024-02-02,97.73220825195312,27760.75903320312
2024-02-05,97.32966613769533,27605.377777099613
2024-02-06,98.00057220458984,27864.347518920895
2024-02-07,97.97182465,27853.250962849215
2024-02-08,99.64909362792967,28500.676788330067
2024-02-09,97.54051208496094,27686.764312744137
2024-02-12,98.88233947753906,28204.709686279293
2024-02-13,98.03106689453124,27876.11846923827
2024-02-14,97.54739379882812,27689.42065429687
2024-02-15,100.34303283691406,28768.537322998043
2024-02-16,100.34303283691406,28768.537322998043
2024-02-20,99.39503479003906,28402.610076904293
2024-02-21,101.42645263671876,29186.73736572266
2024-02-22,101.3394012451172,29153.135528564457
2024-02-23,100.44943237304688,28809.60754394531
2024-02-26,100.8460464477539,28962.700576782223
2024-02-27,100.63323211669922,28880.554244995114
2024-02-28,100.91375732421876,28988.83697509766
2024-02-29,101.10723876953124,29063.52081298827
2024-03-01,102.3841323852539,29556.401748657223
2024-03-04,100.95246887207033,29003.779632568363
2024-03-05,102.19066619873048,29481.723800659183
2024-03-06,103.28376770019533,29903.660980224613
2024-03-07,103.86418151855467,30127.700714111317
2024-03-08,104.84120178222656,30504.83053588867
2024-03-11,105.46029663085938,30743.801147460934
2024-03-12,104.78316497802734,30482.42832946777
2024-03-13,105.95364379882812,30934.23315429687
2024-03-14,107.83030700683594,31658.625152587887
2024-03-15,107.63683319091795,31583.944259643544
2024-03-18,108.63320922851562,31968.545410156246
2024-03-19,109.39740753173828,32263.52595520019
2024-03-20,109.30067443847656,32226.18698120117
2024-03-21,109.78433990478516,32412.881851196285
2024-03-22,109.78433990478516,32412.881851196285
2024-03-25,110.90647888183594,32846.02749633789
2024-03-26,110.07455444335938,32524.904663085934
2024-03-27,111.21602630615234,32965.51280212402
2024-03-28,112.4445571899414,33439.7257232666
2024-04-01,113.1700668334961,33719.77244567871
2024-04-02,115.38529205322266,34574.849380493164
2024-04-03,115.40464782714844,34582.320709228516
2024-04-04,115.81092071533205,34739.14204406738
2024-04-05,117.40705871582033,35355.25131225586
2024-04-08,116.61383056640624,35049.06524658202
2024-04-09,117.22325134277344,35284.301666259766
2024-04-10,118.20995330810548,35665.16862487793
2024-04-11,117.81333923339844,35512.075592041016
2024-04-12,116.43970489501952,34981.85273742674
2024-04-15,115.77223205566406,34724.20822143555
2024-04-16,114.81456756591795,34354.54972839354
2024-04-17,114.75651550292967,34332.14163208006
2024-04-18,114.65010833740234,34291.06846618652
2024-04-19,115.9656982421875,34798.886169433594
2024-04-22,116.62349700927734,35052.79649353027
2024-04-23,117.07815551757812,35228.294677734375
2024-04-24,117.0975112915039,35235.76600646973
2024-04-25,117.3683624267578,35340.31454467772
2024-04-26,114.1083984,34081.96843034921
2024-04-29,115.7335433959961,34709.27439880371
2024-04-30,114.40826416015624,34197.71661376952
2024-05-01,112.24141693115234,33361.31358337402
2024-05-02,112.4445571899414,33439.7257232666
2024-05-03,112.21239471435548,33350.11100769043
2024-05-06,112.93790435791016,33630.15773010254
2024-05-07,112.37684631347656,33413.58932495117
2024-05-08,112.35749053955078,33406.11799621582
2024-05-09,114.57272338867188,34261.19787597656
2024-05-10,114.1083984,34081.96843034921
2024-05-13,114.0600357055664,34063.30043029785
2024-05-14,114.75243377685548,34330.56608581543
2024-05-15,115.6398696899414,34673.1163482666
2024-05-16,114.9474639892578,34405.84774780272
2024-05-17,116.67357635498048,35072.12712097168
2024-05-20,115.72763061523438,34706.99206542969
2024-05-21,114.9279556274414,34398.3175201416
2024-05-22,112.61672973632812,33506.184326171875
2024-05-23,110.69557189941406,32764.617401123043
2024-05-24,110.60780334472656,32730.73873901367
2024-05-28,112.01210021972656,33272.79733276367
2024-05-29,110.8125991821289,32809.78993225098
2024-05-30,111.1636734008789,32945.30458068848
2024-05-31,114.35259246826172,34176.22734069824
2024-06-03,111.6122589111328,33118.45858764647
2024-06-04,109.87639617919922,32448.415573120114
2024-06-05,110.31524658203124,32617.81182861327
2024-06-06,111.14417266845705,32937.77729797363
2024-06-07,109.95441436767578,32478.530593872067
2024-06-10,110.27623748779295,32602.754318237294
2024-06-11,109.3887939453125,32260.20111083984
2024-06-12,108.1795425415039,31793.430068969723
2024-06-13,107.31161499023438,31458.410034179684
2024-06-14,106.4046630859375,31108.32659912109
2024-06-17,105.67325592041016,30826.003433227535
2024-06-18,106.66797637939452,31209.965530395497
2024-06-20,108.96945190429688,32098.33508300781
2024-06-21,108.01375579833984,31729.436386108395
2024-06-24,111.22218322753906,32967.8893737793
2024-06-25,111.53425598144533,33088.34945678711
2024-06-26,111.57325744628906,33103.4040222168
2024-06-27,112.05110931396484,33287.85484313965
2024-06-28,112.26565551757812,33370.669677734375
2024-07-01,112.10961151123048,33310.43669128418
2024-07-02,111.34896087646484,33016.82554626465
2024-07-03,111.91458129882812,33235.155029296875
2024-07-05,110.55904388427734,32711.91758728027
2024-07-08,109.39855194091795,32263.967697143544
2024-07-09,108.18929290771484,31797.193710327145
2024-07-10,109.1449966430664,32166.095352172848
2024-07-11,110.4420166015625,32666.74505615234
2024-07-12,110.4615249633789,32674.275283813473
2024-07-15,112.3534164428711,33404.54539489746
2024-07-16,113.16284942626952,33716.98652648924
2024-07-17,114.7231674194336,34319.269271850586
2024-07-18,115.85441589355467,34755.93118286131
2024-07-19,113.1920928955078,33728.27450561522
2024-07-22,112.41192626953124,33427.13018798827
2024-07-23,110.59805297851562,32726.975097656246
2024-07-24,112.15837860107422,33329.26078796387
2024-07-25,114.51837921142578,34240.22102355957
2024-07-26,114.4208526611328,34202.57577514647
2024-07-29,113.22135162353516,33739.56837463379
2024-07-30,115.24002075195312,34518.774658203125
2024-07-31,115.6496124267578,34676.87704467772
2024-08-01,114.05027770996094,34059.53384399414
2024-08-02,113.98200988769533,34033.18246459961
2024-08-05,111.9243164,33238.912778349215
2024-08-06,111.32946014404295,33009.29826354979
2024-08-07,112.8117676,33581.46894154922
2024-08-08,114.96696472167967,34413.37503051756
2024-08-09,115.90316009521484,34774.74644470215
2024-08-12,116.04944610595705,34831.21284484863
2024-08-13,114.9377212524414,34402.0870513916
2024-08-14,116.0006866455078,34812.39169311522
2024-08-15,116.71832275390624,35089.39923095702
2024-08-16,116.16780853271484,34876.90074157715
2024-08-19,116.5217056274414,35013.5050201416
2024-08-20,112.63863372802734,33514.63926696777
2024-08-21,111.9209976196289,33237.63172912598
2024-08-22,112.78609466552734,33571.55918884277
2024-08-23,114.34915161132812,34174.899169921875
2024-08-26,116.79695892333984,35119.7527923584
2024-08-27,115.68611145019533,34690.96566772461
2024-08-28,114.54576110839844,34250.790435791016
2024-08-29,116.12847900390624,34861.71954345702
2024-08-30,115.94171142578124,34789.62725830077
2024-09-03,113.51355743408205,33852.35981750488
2024-09-04,112.1274414,33317.319028349215
2024-09-05,111.25252532958984,32979.6014251709
2024-09-06,110.73149871826172,32778.48515319824
2024-09-09,113.06134796142578,33677.80696105957
2024-09-10,108.9423370361328,32087.868743896473
2024-09-11,107.8609848022461,31670.466781616207
2024-09-12,109.34539794921876,32243.45025634766
2024-09-13,109.26675415039062,32213.093749999996
2024-09-16,110.8003158569336,32805.048568725586
2024-09-17,112.24541473388672,33362.85673522949
2024-09-18,112.63863372802734,33514.63926696777
2024-09-19,114.03457641601562,34053.47314453125
2024-09-20,113.3169403076172,33776.46560668945
2024-09-23,115.3715362548828,34569.53964233397
2024-09-24,115.06678771972656,34451.90670776367
2024-09-25,112.82540893554688,33586.73449707031
2024-09-26,110.88880157470705,32839.20405578613
2024-09-27,113.8576202392578,33985.16806030272
2024-09-30,115.23390197753906,34516.4128112793
2024-10-01,117.89798736572266,35544.749771118164
2024-10-02,119.46104431152344,36148.089752197266
2024-10-03,120.50308990478516,36550.31935119629
2024-10-04,122.71497344970705,37404.10639953613
2024-10-07,123.24581909179688,37609.01281738281
2024-10-08,119.97224426269533,36345.41293334961
2024-10-09,120.0213851928711,36364.38133239746
2024-10-10,121.05359649658205,36762.81489562988
2024-10-11,121.51563262939452,36941.16084289549
2024-10-14,121.97767639160156,37119.50973510742
2024-10-15,118.31086730957033,35704.12142944336
2024-10-16,118.6156234741211,35821.75730895996
2024-10-17,118.31086730957033,35704.12142944336
2024-10-18,117.97663116455078,35575.10627746582
2024-10-21,118.04544830322266,35601.669692993164
2024-10-22,118.65493774414062,35836.9326171875
2024-10-23,118.2322235107422,35673.7649230957
2024-10-24,117.5637435913086,35415.731674194336
2024-10-25,117.46544647216795,35377.78898620604
2024-10-28,116.88543701171876,35153.905334472656
2024-10-29,115.29288482666016,34539.18019104004
2024-10-30,114.71288299560548,34315.29948425293
2024-10-31,114.80136108398438,34349.45202636719
2024-11-01,113.00235748291016,33655.03663635254
2024-11-04,116.60034942626952,35043.86152648924
2024-11-05,116.94442749023438,35176.67565917969
2024-11-06,118.94985961914062,35950.7724609375
2024-11-07,119.09732055664062,36007.6923828125
2024-11-08,119.05799102783205,35992.51118469238
2024-11-11,118.42884063720705,35749.65913391113
2024-11-12,118.31086730957033,35704.12142944336
2024-11-13,119.41189575195312,36129.118408203125
2024-11-14,119.49118041992188,36159.72229003906
2024-11-15,118.25226593017578,35681.50129699707
2024-11-18,119.24340057373048,36064.07926940918
2024-11-19,117.57829284667967,35421.34768676756
2024-11-20,119.25331115722656,36067.90475463867
2024-11-21,120.84903717041016,36683.85499572754
2024-11-22,120.71028137207033,36630.29525756836
2024-11-25,118.90641784667967,35934.00393676756
2024-11-26,116.92414855957033,35168.84799194336
2024-11-27,116.6168975830078,35050.24911499022
2024-11-29,116.91423797607422,35165.02250671387
2024-12-02,116.80520629882812,35122.936279296875
2024-12-03,116.6268081665039,35054.07460021973
2024-12-04,113.26686096191406,33757.13497924805
2024-12-05,113.7624282836914,33948.4239654541
2024-12-06,112.56315612792967,33485.50491333006
2024-12-09,111.89909362792967,33229.17678833006
2024-12-10,111.67113494873048,33141.18473815918
2024-12-11,110.9277801513672,32854.24978637695
2024-12-12,110.82866668701172,32815.99198913574
2024-12-13,109.85735321044922,32441.064987182614
2024-12-16,107.50836944580078,31534.357254028317
2024-12-17,107.05245208740234,31358.37315368652
2024-12-18,105.4765396118164,30750.070938110348
2024-12-19,104.57461547851562,30401.928222656246
2024-12-20,104.9314193725586,30539.654525756832
2024-12-23,105.35761260986328,30704.16511535644
2024-12-24,105.45671844482422,30742.419967651364
2024-12-26,105.5459213256836,30776.852279663082
2024-12-27,105.5360107421875,30773.02679443359
2024-12-30,104.82239532470705,30497.571243286136
